user1,user1,user1@email.com,password
user2,user2,user2@email.com,password
user3,user3,user3@email.com,password
user4,user4,user4@email.com,password
user5,user5,user5@email.com,password
user6,user6,user6@email.com,password
user7,user7,user7@email.com,password
user8,user8,user8@email.com,password
user9,user9,user9@email.com,password
user10,user10,user11@email.com,password
user11,user11,user11@email.com,password
user12,user12,user12@email.com,password
user13,user13,user13@email.com,password
user14,user14,user14@email.com,password
user15,user15,user15@email.com,password
user16,user16,user16@email.com,password
user17,user17,user17@email.com,password
user18,user18,user18@email.com,password
user19,user19,user19@email.com,password
user20,user20,user20@email.com,password
user21,user21,user21@email.com,password
user22,user22,user22@email.com,password
user23,user23,user23@email.com,password
user24,user24,user24@email.com,password
user25,user25,user25@email.com,password
user26,user26,user26@email.com,password
user27,user27,user27@email.com,password
user28,user28,user28@email.com,password
user29,user29,user29@email.com,password
user30,user30,user30@email.com,password
user31,user31,user31@email.com,password
user32,user32,user32@email.com,password
user33,user33,user33@email.com,password
user34,user34,user34@email.com,password
user35,user35,user35@email.com,password
user36,user36,user36@email.com,password
user37,user37,user37@email.com,password
user38,user38,user38@email.com,password
user39,user39,user39@email.com,password
user40,user40,user40@email.com,password
user41,user41,user41@email.com,password
user42,user42,user42@email.com,password
user43,user43,user43@email.com,password
user44,user44,user44@email.com,password
user45,user45,user45@email.com,password
user46,user46,user46@email.com,password
user47,user47,user47@email.com,password
user48,user48,user48@email.com,password
user49,user49,user49@email.com,password
user50,user50,user50@email.com,password
user51,user51,user51@email.com,password
user52,user52,user52@email.com,password
user53,user53,user53@email.com,password
user54,user54,user54@email.com,password
user55,user55,user55@email.com,password
user56,user56,user56@email.com,password
user57,user57,user57@email.com,password
user58,user58,user58@email.com,password
user59,user59,user59@email.com,password
user60,user60,user60@email.com,password
user61,user61,user61@email.com,password
user62,user62,user62@email.com,password
user63,user63,user63@email.com,password
user64,user64,user64@email.com,password
user65,user65,user65@email.com,password
user66,user66,user66@email.com,password
user67,user67,user67@email.com,password
user68,user68,user68@email.com,password
user69,user69,user69@email.com,password
user70,user70,user70@email.com,password
user71,user71,user71@email.com,password
user72,user72,user72@email.com,password
user73,user73,user73@email.com,password
user74,user74,user74@email.com,password
user75,user75,user75@email.com,password
user76,user76,user76@email.com,password
user77,user77,user77@email.com,password
user78,user78,user78@email.com,password
user79,user79,user79@email.com,password
user80,user80,user80@email.com,password
user81,user81,user81@email.com,password
user82,user82,user82@email.com,password
user83,user83,user83@email.com,password
user84,user84,user84@email.com,password
user85,user85,user85@email.com,password
user86,user86,user86@email.com,password
user87,user87,user87@email.com,password
user88,user88,user88@email.com,password
user89,user89,user89@email.com,password
user90,user90,user90@email.com,password
user91,user91,user91@email.com,password
user92,user92,user92@email.com,password
user93,user93,user93@email.com,password
user94,user94,user94@email.com,password
user95,user95,user95@email.com,password
user96,user96,user96@email.com,password
user97,user97,user97@email.com,password
user98,user98,user98@email.com,password
user99,user99,user99@email.com,password
user100,user100,user100@email.com,password